{
  "matching_point": {
    "A": {
      "1": {
        "x": -9.61271061780,
        "y": -162.27167024000,
        "z": 48.77529265300
      },
      "2": {
        "x": -12.74493342360,
        "y": -85.07185652760,
        "z": 42.99571546670
      },
      "3": {
        "x": 10.32774466120,
        "y": 14.55600029460,
        "z": 52.20388541780
      },
      "4": {
        "x": 81.68913324170,
        "y": 69.79360053640,
        "z": 50.05097266060
      },
      "5": {
        "x": 175.44527925800,
        "y": 110.82154307700,
        "z": 28.39411435560
      }
    },
    "B": {
      "1": {
        "x": 186.92401233400,
        "y": 81.76468842230,
        "z": 19.88634085590
      },
      "2": {
        "x": 107.92930199900,
        "y": 35.32852329140,
        "z": 29.44252744210
      },
      "3": {
        "x": 54.43690609750,
        "y": -14.21919249760,
        "z": 21.96619355680
      },
      "4": {
        "x": 30.04402397050,
        "y": -83.67665697940,
        "z": 23.71928730590
      },
      "5": {
        "x": 43.95680208160,
        "y": -156.59323044900,
        "z": 28.43989034390
      }
    },
    "C": {
      "1": {
        "x": 43.99406530690,
        "y": -156.12378727800,
        "z": -50.56400005850
      },
      "2": {
        "x": 40.97941900390,
        "y": -78.99293028530,
        "z": -40.57125380600
      },
      "3": {
        "x": 58.23770543660,
        "y": -1.39944683061,
        "z": -29.05862623190
      },
      "4": {
        "x": 102.94744468400,
        "y": 44.82833086970,
        "z": -23.20966019940
      },
      "5": {
        "x": 185.32254931200,
        "y": 85.15356561130,
        "z": -17.99483438960
      }
    },
    "D": {
      "1": {
        "x": 174.67433245700,
        "y": 112.44013608400,
        "z": -29.52257050720
      },
      "2": {
        "x": 85.42541991880,
        "y": 74.35576281980,
        "z": -47.57688016230
      },
      "3": {
        "x": 13.38073928970,
        "y": 23.57586498030,
        "z": -56.50975820340
      },
      "4": {
        "x": -18.13541745830,
        "y": -76.28490602600,
        "z": -66.44587400610
      },
      "5": {
        "x": -16.83260109170,
        "y": -161.85569246000,
        "z": -71.04387924310
      }
    },
    "E": {
      "1": {
        "x": -67.52615363810,
        "y": -167.18767042800,
        "z": -34.58639008190
      },
      "2": {
        "x": -64.43616546020,
        "y": -80.76529347290,
        "z": -27.58866220750
      },
      "3": {
        "x": -25.34767908520,
        "y": 42.97445939490,
        "z": -30.00182339640
      },
      "4": {
        "x": 64.11933355040,
        "y": 110.34685042600,
        "z": -23.50852621690
      },
      "5": {
        "x": 161.16212843800,
        "y": 146.95382358300,
        "z": -13.70206162830
      }
    },
    "F": {
      "1": {
        "x": 165.42764411900,
        "y": 136.06107599400,
        "z": 17.81031584430
      },
      "2": {
        "x": 62.36587280290,
        "y": 103.40757223700,
        "z": 27.32484157130
      },
      "3": {
        "x": -22.09123996390,
        "y": 42.85007706840,
        "z": 28.16928004780
      },
      "4": {
        "x": -61.27316923320,
        "y": -83.49256859580,
        "z": 14.79082180880
      },
      "5": {
        "x": -60.24610851180,
        "y": -166.87083268500,
        "z": 13.46845794480
      }
    }
  }
}