{
  "matching_point": {
    "A": {
      "1": {
        "x": -37.69112413930,
        "y": 90.39935153850,
        "z": -93.57051101230
      },
      "2": {
        "x": -41.29212492050,
        "y": 37.00824470560,
        "z": -61.43976777250
      },
      "3": {
        "x": -48.45494374510,
        "y": -7.14815823484,
        "z": -14.97155618080
      },
      "4": {
        "x": -42.14499644900,
        "y": -42.08311841680,
        "z": 56.29077344360
      },
      "5": {
        "x": -44.90494973560,
        "y": -73.13063600870,
        "z": 119.58678603300
      }
    },
    "B": {
      "1": {
        "x": -23.66217125320,
        "y": -95.95153321590,
        "z": 108.74509593300
      },
      "2": {
        "x": -20.21083615700,
        "y": -61.88123593960,
        "z": 44.19206749240
      },
      "3": {
        "x": -27.95915076800,
        "y": -29.45723331090,
        "z": -45.31966490120
      },
      "4": {
        "x": -21.54765904930,
        "y": 23.64870191160,
        "z": -82.88271407340
      },
      "5": {
        "x": -14.86142210080,
        "y": 83.06399361380,
        "z": -106.36842614400
      }
    },
    "C": {
      "1": {
        "x": 7.42516886038,
        "y": 85.87725484370,
        "z": -100.33072537600
      },
      "2": {
        "x": 2.70736310738,
        "y": 21.16333478070,
        "z": -85.16710519330
      },
      "3": {
        "x": 6.34970097855,
        "y": -42.13883703450,
        "z": -66.55267784510
      },
      "4": {
        "x": 9.35578371802,
        "y": -64.86619629470,
        "z": 40.25070848520
      },
      "5": {
        "x": 16.34822079260,
        "y": -100.61676340700,
        "z": 106.52884412800
      }
    },
    "D": {
      "1": {
        "x": 56.35747888950,
        "y": -80.82706091100,
        "z": 115.93060553300
      },
      "2": {
        "x": 35.75817670330,
        "y": -46.86982757280,
        "z": 46.63858149160
      },
      "3": {
        "x": 38.42737238100,
        "y": -14.47853120580,
        "z": -23.41490446590
      },
      "4": {
        "x": 35.71943368230,
        "y": 31.86817501620,
        "z": -61.35651666580
      },
      "5": {
        "x": 38.58956909220,
        "y": 94.09109503050,
        "z": -83.93640661750
      }
    },
    "E": {
      "1": {
        "x": 42.02593692820,
        "y": 109.77230849200,
        "z": -54.67707673230
      },
      "2": {
        "x": 36.77603081110,
        "y": 57.17174301760,
        "z": -21.64619667330
      },
      "3": {
        "x": 40.88168549500,
        "y": 23.62656088100,
        "z": 11.16332006320
      },
      "4": {
        "x": 37.86468161840,
        "y": -10.27672678080,
        "z": 66.80529956910
      },
      "5": {
        "x": 53.31304917300,
        "y": -33.97182599930,
        "z": 138.19059172600
      }
    },
    "F": {
      "1": {
        "x": 17.45890670780,
        "y": -12.72915187300,
        "z": 148.28243098300
      },
      "2": {
        "x": 12.71036271420,
        "y": 11.42819719050,
        "z": 82.09456227490
      },
      "3": {
        "x": 11.84028039300,
        "y": 46.85494300550,
        "z": 28.26120200940
      },
      "4": {
        "x": 12.18960939300,
        "y": 71.62361195840,
        "z": -8.45928528816
      },
      "5": {
        "x": 14.73839131380,
        "y": 115.31171606600,
        "z": -45.37804739070
      }
    },
    "G": {
      "1": {
        "x": -24.46298672340,
        "y": 105.43558766800,
        "z": -65.15324335320
      },
      "2": {
        "x": -27.76164782090,
        "y": 63.66084356590,
        "z": -26.97260301550
      },
      "3": {
        "x": -37.15262560460,
        "y": 33.45141763580,
        "z": 22.44605624920
      },
      "4": {
        "x": -35.49038385090,
        "y": -0.32809159235,
        "z": 78.37773995940
      },
      "5": {
        "x": -34.20712910640,
        "y": -29.73149614520,
        "z": 140.20482875500
      }
    }
  }
}