{
  "matching_point": {
    "A": {
      "1": {
        "x": 11.41307558130,
        "y": -162.44771778800,
        "z": 48.35644785630
      },
      "2": {
        "x": 10.52766244876,
        "y": -81.73614983629,
        "z": 42.95409082036
      },
      "3": {
        "x": -4.60765162376,
        "y": -0.19734290461,
        "z": 53.12503016742
      },
      "4": {
        "x": -66.06786758735,
        "y": 61.04193218916,
        "z": 52.85822083958
      },
      "5": {
        "x": -175.43309200000,
        "y": 110.85273910400,
        "z": 28.39897937020
      }
    },
    "B": {
      "1": {
        "x": -164.03790398500,
        "y": 139.56763416500,
        "z": 12.89011683470
      },
      "2": {
        "x": -33.92833389812,
        "y": 93.52120664183,
        "z": 24.10812910961
      },
      "3": {
        "x": 34.08421259136,
        "y": 29.35293115973,
        "z": 25.81501835106
      },
      "4": {
        "x": 62.61210969911,
        "y": -78.95884091071,
        "z": 12.84988162819
      },
      "5": {
        "x": 60.33443522950,
        "y": -166.87735935300,
        "z": 13.29794705490
      }
    },
    "C": {
      "1": {
        "x": 61.32503112450,
        "y": -166.49784048300,
        "z": -45.06498354290
      },
      "2": {
        "x": 60.62724288939,
        "y": -74.05693312934,
        "z": -36.94307038870
      },
      "3": {
        "x": 36.44860075377,
        "y": 27.62855743612,
        "z": -34.24135258946
      },
      "4": {
        "x": -39.99014494877,
        "y": 99.77659000421,
        "z": -23.71784591712
      },
      "5": {
        "x": -162.13422273800,
        "y": 144.62817947600,
        "z":-19.57050614990
      }
    },
    "D": {
      "1": {
        "x": -175.65095971900,
        "y": 109.93744711500,
        "z": -28.78632525000
      },
      "2": {
        "x": -69.23885392499,
        "y": 63.25022715004,
        "z": -51.85307150119
      },
      "3": {
        "x": -0.77586887846,
        "y": 7.84876051777,
        "z": -58.11088645323
      },
      "4": {
        "x": 23.30364376814,
        "y": -75.91111930092,
        "z": -65.69635542956
      },
      "5": {
        "x": 13.26443661340,
        "y": -161.48753822400,
        "z": -71.42472460380
      }
    },
    "E": {
      "1": {
        "x":-42.29801705240,
        "y": -156.26172050800,
        "z": -52.47247892410
      },
      "2": {
        "x": -39.12698626293,
        "y":-77.92215109297,
        "z": -42.43130304628
      },
      "3": {
        "x": -44.84396215126,
        "y": -18.38831107466,
        "z": -27.66634327786
      },
      "4": {
        "x": -97.07757786665,
        "y": 32.70692915934,
        "z": -18.81070527597
      },
      "5": {
        "x": -186.33103649200,
        "y": 82.58145239060,
        "z": -15.64868489790
      }
    },
    "F": {
      "1": {
        "x": -46.23791592420,
        "y": -156.31496534200,
        "z": 24.96894869890
      },
      "2": {
        "x": -29.31544472708,
        "y": -79.95047410047,
        "z": 24.38886609926
      },
      "3": {
        "x": -42.42301686615,
        "y": -24.31023054977,
        "z": 26.84259482683
      },
      "4": {
        "x": -94.59820578258,
        "y": 30.64155105436,
        "z": 36.80289659081
      },
      "5": {
        "x": -184.26704365500,
        "y": 88.35100116150,
        "z": 23.78506273030
      }
    }
    }
  }
