{
  "matching_point": {
    "A": {
      "1": {
        "x": 9.69599689148,
        "y": -15.00802044110,
        "z": 147.19972055600
      },
      "2": {
        "x": 8.67802113815,
        "y":7.19621399268,
        "z": 95.42639212218
      },
      "3": {
        "x": 10.75422903240,
        "y": 41.01472983700,
        "z": 39.20989468100
      },
      "4": {
        "x": 9.79134096951,
        "y": 58.79501025019,
        "z": 4.94031046898
      },
      "5": {
        "x": 9.03427911556,
        "y": 82.19581092231,
        "z": -25.95946163785
      },
      "6": {
        "x":11.36573557740,
        "y": 110.27580119000,
        "z": -55.68399135310
      }
    },
    "B": {
      "1": {
        "x": -14.85983337860,
        "y": 115.32583179100,
        "z": -45.34739726340
      },
      "2": {
        "x": -15.76294075588,
        "y":84.82206328858,
        "z":-23.09279780728
      },
      "3": {
        "x":-18.74244332158,
        "y": 56.50420098515,
        "z":6.47695438029
      },
      "4": {
        "x": -21.50945937990,
        "y":33.33701024420,
        "z":38.56026862170
      },
      "5": {
        "x":-20.22177950477,
        "y":2.28197849787,
        "z":91.90399758652
      },
      "6": {
        "x": -28.53389564380,
        "y": -15.08353911040,
        "z": 147.16399107300
      }
    },
    "C": {
      "1": {
        "x": -55.88325355452,
        "y":-38.39975474241,
        "z": 136.08698493034
      },
      "2": {
        "x": -39.88208331283,
        "y": -18.39399939198,
        "z": 81.30133419130
      },
      "3": {
        "x":-40.04602535409,
        "y": 12.35208672407,
        "z": 23.91690744504
      },
      "4": {
        "x": -38.31453998484,
        "y":39.22656497547,
        "z": -6.27960938815
      },
      "5": {
        "x": -37.54230039304,
        "y": 68.80234968055,
        "z": -34.30084750006
      },
      "6": {
        "x": -45.31434299700,
        "y": 107.30865985689,
        "z": -59.13471522159
      }
    },
    "D": {
      "1": {
        "x": -29.84972759410,
        "y": 91.04990371800,
        "z": -89.90460338170
      },
      "2": {
        "x":-31.80800965964,
        "y": 46.48299955756,
        "z": -68.39016581189
      },
      "3": {
        "x": -39.58763070913,
        "y": 2.98729826592,
        "z": -45.48782665359
      },
      "4": {
        "x": -31.32120012490,
        "y": -30.92365250340,
        "z": 5.37946793731
      },
      "5": {
        "x": -34.94010986814,
        "y": -60.49943132744,
        "z": 60.88545594748
      },
      "6": {
        "x": -47.65266900350,
        "y": -90.08911857860,
        "z": 111.53040832500
      }
    },
    "E": {
      "1": {
        "x": 0.08511934407,
        "y": -100.86051253900,
        "z":106.41300378300
      },
      "2": {
        "x": 3.71231313872,
        "y": -72.72745947993,
        "z": 57.12393823234
      },
      "3": {
        "x": 2.83388863828,
        "y": -48.23798367660,
        "z": 2.11558837514
      },
      "4": {
        "x": -3.66353028404,
        "y": -45.33462385038,
        "z": -47.37902924410
      },
      "5": {
        "x": -6.58039795646,
        "y": -25.93261020757,
        "z": -78.61582189953
      },
      "6": {
        "x": -3.18411671745,
        "y": 28.35098278833,
        "z": -86.10897596258
      },
      "7": {
        "x": -2.23531475407,
        "y": 85.04555161330,
        "z": -102.06482232700
      }
    },
    "F": {
      "1": {
        "x": 19.70928171410,
        "y": 82.93173734160,
        "z": -106.79053569800
      },
      "2": {
        "x": 20.11176355346,
        "y": 25.05991204165,
        "z": -84.54259974888
      },
      "3": {
        "x": 27.74151533002,
        "y": -22.45441358656,
        "z": -59.55502019911
      },
      "4": {
        "x": 25.37300334110,
        "y": -41.33728176690,
        "z": 1.94632344948
      },
      "5": {
        "x": 25.89605079034,
        "y": -64.49474011674,
        "z": 59.43129261172
      },
      "6": {
        "x": 24.51861647570,
        "y": -95.56498345760,
        "z": 108.92876678900
      }
    },
    "G": {
      "1": {
        "x": 43.78451047530,
        "y": -75.69115555870,
        "z": 118.37034740100
      },
      "2": {
        "x": 42.52313802456,
        "y": -47.53503450264,
        "z": 69.97409529537
      },
      "3": {
        "x": 46.90238691220,
        "y": -16.62555798430,
        "z": 6.81336450673
      },
      "4": {
        "x": 43.66862808836,
        "y": 8.97546387645,
        "z": -36.85578275882
      },
      "5": {
        "x": 40.78586207338,
        "y": 40.17162086229,
        "z": -63.93971700925
      },
      "6": {
        "x": 37.16919770350,
        "y": 88.82685348310,
        "z": -96.47304299890
      }
    },
    "H": {
      "1": {
        "x": 31.55950750370,
        "y": 101.59183758700,
        "z": -72.55269782900
      },
      "2": {
        "x": 31.18316358966,
        "y": 66.90722980125,
        "z": -42.42107141647
      },
      "3": {
        "x": 36.09499635684,
        "y": 44.33262479843,
        "z": -11.08551417500
      },
      "4": {
        "x": 42.17123838100,
        "y": 25.96366197910,
        "z": 24.66073763220
      },
      "5": {
        "x": 38.03599102766,
        "y": -11.02057805389,
        "z": 89.95383436464
      },
      "6": {
        "x": 40.98767134060,
        "y": -38.37814403300,
        "z": 136.09699774100
      }
    }
    }
  }
