{
  "matching_point": {
    "A": {
      "1": {
        "x": -17.12192355120,
        "y": -141.86828829500,
        "z": 36.05626600560
      },
      "2": {
        "x": 24.71783243740,
        "y": -135.63494322500,
        "z": 44.77459561130
      },
      "3": {
        "x": 40.35110659380,
        "y": -132.79454670700,
        "z": 10.85836805440
      },
      "4": {
        "x": 22.50287827120,
        "y": -135.34534277900,
        "z": -24.23672075650
      },
      "5": {
        "x": -12.12682995420,
        "y": -141.03992548800,
        "z": -34.12956843820
      },
      "6": {
        "x": -33.84172189420,
        "y": -144.55088348500,
        "z": 11.76415387010
      }
    },
    "B": {
      "1": {
        "x": -17.92253416340,
        "y": -72.50665586570,
        "z": 30.25968661040
      },
      "2": {
        "x": 16.46112862560,
        "y": -71.95958637500,
        "z": 27.79310387280
      },
      "3": {
        "x": 26.95646369530,
        "y": -70.25415307240,
        "z": 8.81486550305
      },
      "4": {
        "x": 15.20819828990,
        "y": -69.71661578450,
        "z": -21.00762584560
      },
      "5": {
        "x": -12.26766144200,
        "y": -72.93840084060,
        "z": -28.79918723210
      },
      "6": {
        "x": -34.68680719730,
        "y": -74.32760598300,
        "z": 8.89048849495
      }
    },
    "C": {
      "1": {
        "x": -10.93997940980,
        "y": 1.27364929221,
        "z": 21.93443155740
      },
      "2": {
        "x": 12.81540886880,
        "y": 0.52382445086,
        "z": 21.17583820490
      },
      "3": {
        "x": 27.00595318330,
        "y": -1.89868987867,
        "z": 0.98887650094
      },
      "4": {
        "x": 9.62690175331,
        "y": -4.05324506248,
        "z": -18.33143747240
      },
      "5": {
        "x": -11.30578591860,
        "y": -1.27161547116,
        "z": -20.40840061650
      },
      "6": {
        "x": -25.68406509230,
        "y": 0.41495407943,
        "z": 2.52391970227
      }
    },
    "D": {
      "1": {
        "x": -7.66403073593,
        "y": 59.29576266570,
        "z": 16.40865288400
      },
      "2": {
        "x": 16.23670981500,
        "y": 58.12450157670,
        "z": 14.74453762200
      },
      "3": {
        "x": 28.34138724490,
        "y": 52.05744168000,
        "z": -9.11572857024
      },
      "4": {
        "x": 9.32726636238,
        "y": 53.46990904490,
        "z": -18.96181628160
      },
      "5": {
        "x": -12.00303928760,
        "y": 53.01745650550,
        "z": -15.39653637390
      },
      "6": {
        "x": -22.26686394110,
        "y": 55.47884220880,
        "z": -2.68318016377
      }
    },
    "E": {
      "1": {
        "x": -6.78617241787,
        "y": 83.43687994010,
        "z": 15.78968612790
      },
      "2": {
        "x": 9.45881518921,
        "y": 84.85750889875,
        "z": 16.93998489189
      },
      "3": {
        "x": 24.48750341090,
        "y": 81.11499750110,
        "z": 11.43098415750
      },
      "4": {
        "x": 30.63558832763,
        "y": 74.30214609634,
        "z": 4.49183264916
      },
      "5": {
        "x": 32.07703511843,
        "y": 69.58265997776,
        "z": -3.48721465593
      },
      "6": {
        "x": 32.25524455440,
        "y": 67.25440210930,
        "z": -12.12127475060
      },
      "7": {
        "x": 29.31826175833,
        "y": 69.63288269438,
        "z": -24.19979989451
      },
      "8": {
        "x": 18.96686110730,
        "y": 78.17624877903,
        "z": -28.49451824937
      },
      "9": {
        "x": 6.84781904344,
        "y": 86.55278534820,
        "z": -23.33684099520
      },
      "10": {
        "x": -4.96914681974,
        "y": 86.81641938944,
        "z": -18.51824777081
      },
      "11": {
        "x": -14.64375180180,
        "y": 83.85494635480,
        "z": -19.20271458630
      },
      "12": {
        "x": -24.31296624060,
        "y": 79.81906482848,
        "z": -16.20065017008
      },
      "13": {
        "x": -30.30178046350,
        "y": 78.43294636730,
        "z": -3.59129626065
      },
      "14": {
        "x": -23.24976593202,
        "y": 80.73861936144,
        "z": 8.74766989867
      }
    },
    "F": {
      "1": {
        "x": -7.55795683515,
        "y": 106.55204033600,
        "z": 17.78687321350
      },
      "2": {
        "x": 10.63420716896,
        "y": 109.30738975112,
        "z": 20.24870625510
      },
      "3": {
        "x": 27.21408163706,
        "y": 109.98413030056,
        "z": 16.36322341875
      },
      "4": {
        "x": 39.57492716760,
        "y": 108.36203593500,
        "z": 9.18520412226
      },
      "5": {
        "x": 40.57353673389,
        "y": 95.64938479292,
        "z": 4.63848848135
      },
      "6": {
        "x": 38.13864851522,
        "y": 83.19789299085,
        "z": -0.91919974210
      },
      "7": {
        "x": 39.52078879090,
        "y": 79.07383733120,
        "z": -14.92312221540
      },
      "8": {
        "x": 31.99106868234,
        "y": 88.08237979994,
        "z": -31.17160060912
      },
      "9": {
        "x": 22.72921557147,
        "y": 104.57991631196,
        "z": -27.18510810195
      },
      "10": {
        "x": 10.11917776900,
        "y": 110.10674443400,
        "z": -12.53159351860
      },
      "11": {
        "x": -3.03866810256,
        "y": 107.03042007265,
        "z": -9.70803640703
      },
      "12": {
        "x": -17.05861149600,
        "y": 104.28606433800,
        "z": -13.97227582310
      },
      "13": {
        "x": -30.08267510616,
        "y": 99.50372282708,
        "z": -13.66730951326
      },
      "14": {
        "x": -35.58442508910,
        "y": 96.39627512230,
        "z": -3.55994260110
      },
      "15": {
        "x": -24.63635523079,
        "y": 101.46667833076,
        "z": 11.25833268980
      }
    },
    "G": {
      "1": {
        "x": -10.09177566740,
        "y": 123.87790026800,
        "z": 18.15703981610
      },
      "2": {
        "x": 5.13948692256,
        "y": 125.76079574855,
        "z": 21.82395196607
      },
      "3": {
        "x": 20.15609360421,
        "y": 124.07033474466,
        "z": 20.90155260058
      },
      "4": {
        "x": 32.84523845703,
        "y": 121.24026248844,
        "z": 15.64561175082
      },
      "5": {
        "x": 41.13271861144,
        "y": 123.28562322181,
        "z": 6.91845174123
      },
      "6": {
        "x": 41.18205254570,
        "y": 119.18795299900,
        "z": -3.39964273415
      },
      "7": {
        "x": 45.90285965189,
        "y": 111.80402806207,
        "z": -5.21658111425
      },
      "8": {
        "x": 46.51662395947,
        "y": 96.09714619609,
        "z": -3.84466223284
      },
      "9": {
        "x": 45.46389675480,
        "y": 89.03620860130,
        "z": -17.35781422250
      },
      "10": {
        "x": 39.23635370309,
        "y": 101.43046920171,
        "z": -30.30523951941
      },
      "11": {
        "x": 34.46635353164,
        "y": 115.68329291587,
        "z": -23.29141339748
      },
      "12": {
        "x": 36.93170337541,
        "y": 121.63318358135,
        "z": -8.00111448049
      },
      "13": {
        "x": 26.96791381111,
        "y": 128.83397364568,
        "z": -4.45070345305
      },
      "14": {
        "x": 13.02549235140,
        "y": 126.11367442000,
        "z": -3.49520496111
      },
      "15": {
        "x": -2.79024285760,
        "y": 121.38708152968,
        "z": -3.36974745201
      },
      "16": {
        "x": -19.01158489630,
        "y": 118.91319890100,
        "z": -8.41309364854
      },
      "17": {
        "x": -32.18888262339,
        "y": 115.84179422554,
        "z": -10.90635783795
      },
      "18": {
        "x": -38.28708830460,
        "y": 112.42631371500,
        "z": -3.14098959914
      },
      "19": {
        "x": -26.56430839379,
        "y": 118.99583005412,