{
  "matching_point": {
    "A": {
      "1": {
        "x": -6.2,
        "y": -30.20976610780,
        "z": 41.48
      },
      "2": {
        "x": -22.41883505870,
        "y": -162.05593402400,
        "z": 69.71419661620
      },
      "3": {
        "x": -16.68385206390,
        "y": -84.06080599550,
        "z": 65.25247376430
      },
      "4": {
        "x": -2.84826313142,
        "y": 4.97036623301,
        "z": 35.62153074400
      },
      "5": {
        "x": 4.58311199164,
        "y": 71.59655622860,
        "z": 29.78540433960
      }
    },
    "B": {
      "1": {
        "x": 41.40286398980,
        "y": 71.73174552230,
        "z": 17.79644925170
      },
      "2": {
        "x": 36.35170808100,
        "y": -1.79512814542,
        "z": 24.63916221950
      },
      "3": {
        "x": 31.35467444800,
        "y": -87.17260806620,
        "z": 46.46205266520
      },
      "4": {
        "x": 27.39515438440,
        "y": -162.67057766500,
        "z": 53.37298573030
      },
      "5": {
        "x": 32.14913000680,
        "y": -247.05370641400,
        "z": 58.05236795150
      }
    },
    "C": {
      "1": {
        "x": 56.60666360800,
        "y": -245.96129433100,
        "z": -16.10158405120
      },
      "2": {
        "x": 41.74151544160,
        "y": -159.61525522700,
        "z": -6.31709355078
      },
      "3": {
        "x": 46.73296793340,
        "y": -84.94582296310,
        "z": -11.08160058620
      },
      "4": {
        "x": 57.44730954060,
        "y": -9.77037345507,
        "z": -24.03021914500
      },
      "5": {
        "x": 57.54617315070,
        "y": 72.36800626160,
        "z": -33.83452759490
      }
    },
    "D": {
      "1": {
        "x": 17.76391618360,
        "y": 72.75274553730,
        "z": -88.06938436550
      },
      "2": {
        "x": 18.12310205070,
        "y": -3.31567664718,
        "z": -83.14589838470
      },
      "3": {
        "x": 4.66602400925,
        "y": -81.96376948020,
        "z": -63.02768265130
      },
      "4": {
        "x": -4.42344781571,
        "y": -155.99768955700,
        "z": -58.33488434280
      },
      "5": {
        "x": -7.32198169882,
        "y": -245.71616867200,
        "z": -76.68699401560
      }
    },
    "E": {
      "1": {
        "x": -60.51987457190,
        "y": -246.01056885100,
        "z": -61.89462925390
      },
      "2": {
        "x": -50.48334793810,
        "y": -155.63386016900,
        "z": -51.44209325610
      },
      "3": {
        "x": -43.47957961640,
        "y": -79.79009861840,
        "z": -46.56181492660
      },
      "4": {
        "x": -40.21728994470,
        "y": 2.22793881565,
        "z": -63.18598031210
      },
      "5": {
        "x": -35.93748177360,
        "y": 72.33876437630,
        "z": -78.65508800410
      }
    },
    "F": {
      "1": {
        "x": -38.11414511270,
        "y": 71.72191838400,
        "z": -15.55890908730
      },
      "2": {
        "x": -37.42591705680,
        "y": 7.23977491224,
        "z": -7.60094726976
      },
      "3": {
        "x": -62.84431954340,
        "y": -82.27228568910,
        "z": 13.01731497840
      },
      "4": {
        "x": -72.84127213420,
        "y": -154.83575730400,
        "z": 16.78693027320
      },
      "5": {
        "x": -77.60261965430,
        "y": -247.06244955400,
        "z": 11.54571566360
      }
    }
  }
}