{
  "matching_point": {
    "A": {
      "1": {
        "x": 45.20438292770,
        "y": -247.48116473700,
        "z": 55.96209197400
      },
      "2": {
        "x": 46.66163831440,
        "y": -160.15403380200,
        "z": 60.17736568670
      },
      "3": {
        "x": 37.37302280610,
        "y": -74.65026345270,
        "z": 50.19923373900
      },
      "4": {
        "x": 18.17243024030,
        "y": -3.34413764369,
        "z": 27.69514858960
      },
      "5": {
        "x": 13.22164090790,
        "y": 71.47961447810,
        "z": 20.83396505680
      }
    },
    "B": {
      "1": {
        "x": 42.04062573400,
        "y": 71.78133221560,
        "z": -22.88425704390
      },
      "2": {
        "x": 41.19654926030,
        "y": -5.27426529533,
        "z": -13.56365347370
      },
      "3": {
        "x": 63.19097080780,
        "y": -72.12076235140,
        "z": 2.89132976894
      },
      "4": {
        "x": 76.03113051280,
        "y": -157.45494904800,
        "z": 5.28767008580
      },
      "5": {
        "x": 79.96490967870,
        "y": -246.96535864600,
        "z": 0.02679729563
      }
    },
    "C": {
      "1": {
        "x": 60.39924378890,
        "y": -246.00883709200,
        "z": -61.98054680570
      },
      "2": {
        "x": 51.18041525390,
        "y": -160.51046807900,
        "z": -51.63538956140
      },
      "3": {
        "x": 42.19386104250,
        "y": -81.70947201830,
        "z": -47.24932259480
      },
      "4": {
        "x": 39.77887226550,
        "y": -11.43154885650,
        "z": -59.69001424740
      },
      "5": {
        "x": 35.92480494490,
        "y": 72.33895481310,
        "z": -78.66530299560
      }
    },
    "D": {
      "1": {
        "x": -30.57367777950,
        "y": 72.75747748380,
        "z": -82.12410566070
      },
      "2": {
        "x": -27.02010623030,
        "y": -22.34461716520,
        "z": -74.40172423720
      },
      "3": {
        "x": -15.55683701560,
        "y": -96.88942696870,
        "z": -54.14472151380
      },
      "4": {
        "x": -13.38680663380,
        "y": -169.34109347500,
        "z": -53.02989546410
      },
      "5": {
        "x": -19.03447740680,
        "y": -245.76011859600,
        "z": -62.75164440310
      }
    },
    "E": {
      "1": {
        "x": -61.45157310570,
        "y": -246.07649640500,
        "z": -3.71657463984
      },
      "2": {
        "x": -42.96889868750,
        "y": -172.95943717900,
        "z": -3.40629083420
      },
      "3": {
        "x": -43.49079960670,
        "y": -101.24152743900,
        "z": -4.93861385386
      },
      "4": {
        "x": -56.99581463480,
        "y": -19.56276469410,
        "z": -15.74029696020
      },
      "5": {
        "x": -57.18273357670,
        "y": 72.29291680930,
        "z": -26.37425142830
      }
    },
    "F": {
      "1": {
        "x": -38.64764915900,
        "y": 71.69716059280,
        "z": 20.79506024150
      },
      "2": {
        "x": -29.28696891070,
        "y": -9.38185194993,
        "z": 31.07468728100
      },
      "3": {
        "x": -25.84687823780,
        "y": -90.08428790740,
        "z": 54.20991733910
      },
      "4": {
        "x": -19.69986259040,
        "y": -167.78207990500,
        "z": 60.33827107140
      },
      "5": {
        "x": -24.44925709000,
        "y": -247.14202988000,
        "z": 62.87151154600
      }
    }
  }
}