{
  "matching_point": {
    "A": {
      "1": {
        "x": 33.68929,
        "y": -144.3602,
        "z": 12.41344
      },
      "2": {
        "x": 16.57243,
        "y": -141.5302,
        "z": 36.50602
      },
      "3": {
        "x": -7.125623,
        "y": -137.4552,
        "z": 46.79184
      },
      "4": {
        "x": -32.20693,
        "y": -134.1395,
        "z": 39.06495
      },
      "5": {
        "x": -40.31294,
        "y": -131.9641,
        "z": 12.18262
      },
      "6": {
        "x": -27.31102,
        "y": -134.738,
        "z": -19.5032
      },
      "7": {
        "x": -3.331868,
        "y": -138.3921,
        "z": -35.02515
      },
      "8": {
        "x": 31.40214,
        "y": -144.0203,
        "z": -18.74848
      }
    },
    "B": {
      "1": {
        "x": 2.466598,
        "y": -63.65136,
        "z": 32.95689
      },
      "2": {
        "x": -17.92352,
        "y": -62.92873,
        "z": 24.61945
      },
      "3": {
        "x": -26.42225,
        "y": -63.28525,
        "z": 6.395436
      },
      "4": {
        "x": -22.17377,
        "y": -64.54164,
        "z": -11.85554
      },
      "5": {
        "x": 1.065786,
        "y": -65.11978,
        "z": -27.70421
      },
      "6": {
        "x": 29.88867,
        "y": -64.65093,
        "z": -17.05872
      },
      "7": {
        "x": 34.5019,
        "y": -64.86713,
        "z": 5.944094
      },
      "8": {
        "x": 22.19103,
        "y": -63.19284,
        "z": 25.16403
      }
    },
    "C": {
      "1": {
        "x": 21.25113,
        "y": -9.866988,
        "z": 15.3018
      },
      "2": {
        "x": 0.561096,
        "y": -10.69327,
        "z": 25.41269
      },
      "3": {
        "x": -21.56115,
        "y": -11.45639,
        "z": 16.81865
      },
      "4": {
        "x": -26.93511,
        "y": -12.04768,
        "z": 2.318605
      },
      "5": {
        "x": -19.36838,
        "y": -11.74785,
        "z": -12.75711
      },
      "6": {
        "x": -0.2627742,
        "y": -11.07832,
        "z": -21.63576
      },
      "7": {
        "x": 24.17565,
        "y": -10.82281,
        "z": -13.31787
      },
      "8": {
        "x": 27.19885,
        "y": -10.32751,
        "z": 2.579689
      }
    },
    "D": {
      "1": {
        "x": -0.5059637,
        "y": 25.62595,
        "z": 21.21887
      },
      "2": {
        "x": -18.63056,
        "y": 23.89962,
        "z": 16.02923
      },
      "3": {
        "x": -27.419,
        "y": 21.34287,
        "z": -0.6195863
      },
      "4": {
        "x": -15.78396,
        "y": 21.81913,
        "z": -14.54811
      },
      "5": {
        "x": 1.294963,
        "y": 24.15074,
        "z": -18.03781
      },
      "6": {
        "x": 16.44782,
        "y": 24.57338,
        "z": -13.56344
      },
      "7": {
        "x": 22.34223,
        "y": 25.98261,
        "z": 1.688671
      },
      "8": {
        "x": 15.58788,
        "y": 25.93001,
        "z": 17.88079
      }
    },
    "E": {
      "1": {
        "x": -29.54185,
        "y": 58.25061,
        "z": -9.530704
      },
      "2": {
        "x": -23.90067,
        "y": 61.38431,
        "z": 9.536077
      },
      "3": {
        "x": -2.855141,
        "y": 61.79287,
        "z": 17.72715
      },
      "4": {
        "x": 18.18268,
        "y": 60.9878,
        "z": 10.46604
      },
      "5": {
        "x": 23.4101,
        "y": 59.93147,
        "z": -2.047316
      },
      "6": {
        "x": 15.22709,
        "y": 58.5345,
        "z": -15.24668
      },
      "7": {
        "x": -0.7007872,
        "y": 57.83094,
        "z": -18.54139
      },
      "8": {
        "x": -15.99555,
        "y": 57.85299,
        "z": -19.9457
      }
    },
    "F": {
      "1": {
        "x": -28.54131,
        "y": 71.864,
        "z": -26.60629
      },
      "2": {
        "x": -14.16076,
        "y": 78.59473,
        "z": -26.98962
      },
      "3": {
        "x": 5.012608,
        "y": 81.19854,
        "z": -20.00513
      },
      "4": {
        "x": 25.11109,
        "y": 80.39686,
        "z": -15.76108
      },
      "5": {
        "x": 30.67954,
        "y": 79.15914,
        "z": -4.000918
      },
      "6": {
        "x": 26.55775,
        "y": 80.65949,
        "z": 6.152789
      },
      "7": {
        "x": 8.685644,
        "y": 84.26669,
        "z": 15.30695
      },
      "8": {
        "x": -13.49966,
        "y": 84.18256,
        "z": 16.16446
      },
      "9": {
        "x": -31.0144,
        "y": 76.59179,
        "z": 4.871432
      },
      "10": {
        "x": -34.83114,
        "y": 71.47386,
        "z": -14.08779
      }
    },
    "G": {
      "1": {
        "x": -37.07732,
        "y": 84.39917,
        "z": -28.73461
      },
      "2": {
        "x": -41.87957,
        "y": 82.33834,
        "z": -16.32694
      },
      "3": {
        "x": -45.73229,
        "y": 89.00164,
        "z": -16.88816
      },
      "4": {
        "x": -45.91639,
        "y": 93.43555,
        "z": -5.453412
      },
      "5": {
        "x": -40.61641,
        "y": 90.30141,
        "z": 1.230971
      },
      "6": {
        "x": -23.80862,
        "y": 96.2859,
        "z": -30.49658
      },
      "7": {
        "x": -16.25513,
        "y": 108.9783,
        "z": -18.99155
      },
      "8": {
        "x": -3.177246,
        "y": 108.0768,
        "z": -9.737063
      },
      "9": {
        "x": 15.54886,
        "y": 104.1964,
        "z": -13.72082
      },
      "10": {
        "x": 31.65698,
        "y": 99.77536,
        "z": -12.64299
      },
      "11": {
        "x": 36.07749,
        "y": 98.4976,
        "z": -3.275681
      },
      "12": {
        "x": 27.42189,
        "y": 101.5621,
        "z": 9.626071
      },
      "13": {
        "x": 11.01563,
        "y": 106.6793,
        "z": 16.74388
      },
      "14": {
        "x": -12.27483,
        "y": 110.9718,
        "z": 20.39252
      },
      "15": {
        "x": -29.87635,
        "y": 111.2621,
        "z": 15.34427
      },
      "16": {
        "x": -39.09881,
        "y": 102.1728,
        "z": 8.947246
      }
    },
    "H": {
      "1": {
        "x": -46.47094,
        "y": 105.3391,
        "z": -2.638118
      },
      "2": {
        "x": -45.05144,
        "y": 114.2162,
        "z": -6.102118
      },
      "3": {
        "x": -34.81493,
        "y": 119.2996,
        "z": -16.66573
      },
      "4": {
        "x": -33.69601,
        "y": 115.6271,
        "z": -23.12988
      },
      "5": {
        "x": -36.42543,
        "y": 108.3581,
        "z": -29.48421
      },
      "6": {
        "x": -41.16826,
        "y": 97.86232,
        "z": -29.61149
      }
    },
    "I": {
      "1": {
        "x": 38.42336,
        "y": 112.6073,
        "z": -2.833637
      },
      "2": {
        "x": 36.80382,
        "y": 113.8457,
        "z": 3.684394
      },
      "3": {
        "x": 21.6772,
        "y": 120.9168,
        "z": 14.55657
      },
      "4": {
        "x": 5.68172,
        "y": 124.556,
        "z": 19.82565
      },
      "5": {
        "x": -10.67376,
        "y": 125.4792,
        "z": 21.81651
      },
      "6": {
        "x": -25.75345,
        "y": 123.0674,
        "z": 19.32631
      },
      "7": {
        "x": -35.74085,
        "y": 120.6517,
        "z": 13.59765
      },
      "8": {
        "x": -41.77372,
        "y": 123.8202,
        "z": 3.268528
      },
      "9": {
        "x": -40.47535,
        "y": 119.9371,
        "z": -2.894577
      },
      "10": {
        "x": -37.68009,
        "y": 121.0267,
        "z": -6.555335
      },
      "11": {
        "x": -25.99732,
        "y": 129.2038,
        "z": -4.959552
      },
      "12": {
        "x": -15.30736,
        "y": 126.5585,
        "z": -4.067071
      },
      "13": {
        "x": -6.216847,
        "y": 123.5801,
        "z": -2.728987
      },
      "14": {
        "x": 12.49993,
        "y": 119.3409,