{"usermodellocalposX":0.0299510434,"usermodellocalposY":-0.0523111969,"usermodellocalposZ":3.992706,"usermodellocaleulerangleX":359.0329,"usermodellocaleulerangleY":1.1171937,"usermodellocaleulerangleZ":359.805481,"normalmodelscalerX":0.008714067,"normalmodelscalerY":0.008499743,"normalmodelscalerZ":0.009142712,"isfill":true}