{"usermodellocalposX":-0.0257238075,"usermodellocalposY":0.5985852,"usermodellocalposZ":3.97038269,"usermodellocaleulerangleX":355.459076,"usermodellocaleulerangleY":0.0872601345,"usermodellocaleulerangleZ":357.302368,"normalmodelscalerX":0.009028744,"normalmodelscalerY":0.008171457,"normalmodelscalerZ":0.009714576,"isfill":true}