{"usermodellocalposX":0.028018903,"usermodellocalposY":0.02738182,"usermodellocalposZ":4.01957035,"usermodellocaleulerangleX":1.19997776,"usermodellocaleulerangleY":-1.4982473E-09,"usermodellocaleulerangleZ":-1.43069386E-07,"normalmodelscalerX":0.009543121,"normalmodelscalerY":0.009714576,"normalmodelscalerZ":0.008857288,"isfill":true}